timestamp,armed_time,takeoff_time,nav_state_timestamp,failure_detector_status,arming_state,latest_arming_reason,latest_disarming_reason,nav_state_user_intention,nav_state,hil_state,vehicle_type,failsafe,failsafe_and_user_took_over,gcs_connection_lost,gcs_connection_lost_counter,high_latency_data_link_lost,is_vtol,is_vtol_tailsitter,in_transition_mode,in_transition_to_fw,system_type,system_id,component_id,safety_button_available,safety_off,power_input_valid,usb_connected,open_drone_id_system_present,open_drone_id_system_healthy,parachute_system_present,parachute_system_healthy,avoidance_system_required,avoidance_system_valid,rc_calibration_in_progress,calibration_enabled,pre_flight_checks_pass
267867257,0,0,12920629,0,1,1,8,2,2,0,1,0,0,0,0,0,0,0,0,0,2,1,1,1,1,1,0,0,0,0,0,0,1,0,0,0
274243620,274243408,0,12920629,0,2,1,8,2,2,0,1,0,0,0,0,0,0,0,0,0,2,1,1,1,1,1,0,0,0,0,0,0,1,0,0,1
274753624,274243408,0,12920629,0,2,1,8,2,2,0,1,0,0,0,0,0,0,0,0,0,2,1,1,1,1,1,0,0,0,0,0,0,1,0,0,1
275254895,274243408,0,12920629,0,2,1,8,2,2,0,1,0,0,0,0,0,0,0,0,0,2,1,1,1,1,1,0,0,0,0,0,0,1,0,0,1
275757736,274243408,0,12920629,0,2,1,8,2,2,0,1,0,0,0,0,0,0,0,0,0,2,1,1,1,1,1,0,0,0,0,0,0,1,0,0,1
276262951,274243408,0,12920629,0,2,1,8,2,2,0,1,0,0,0,0,0,0,0,0,0,2,1,1,1,1,1,0,0,0,0,0,0,1,0,0,1
276763370,274243408,0,12920629,0,2,1,8,2,2,0,1,0,0,0,0,0,0,0,0,0,2,1,1,1,1,1,0,0,0,0,0,0,1,0,0,1
277272978,274243408,0,12920629,0,2,1,8,2,2,0,1,0,0,0,0,0,0,0,0,0,2,1,1,1,1,1,0,0,0,0,0,0,1,0,0,1
277774750,274243408,0,12920629,0,2,1,8,2,2,0,1,0,0,0,0,0,0,0,0,0,2,1,1,1,1,1,0,0,0,0,0,0,1,0,0,1
278277123,274243408,0,12920629,0,2,1,8,2,2,0,1,0,0,0,0,0,0,0,0,0,2,1,1,1,1,1,0,0,0,0,0,0,1,0,0,1
278777826,274243408,0,12920629,0,2,1,8,2,2,0,1,0,0,0,0,0,0,0,0,0,2,1,1,1,1,1,0,0,0,0,0,0,1,0,0,1
279279513,274243408,0,12920629,0,2,1,8,2,2,0,1,0,0,0,0,0,0,0,0,0,2,1,1,1,1,1,0,0,0,0,0,0,1,0,0,1
279783024,274243408,0,12920629,0,2,1,8,2,2,0,1,0,0,0,0,0,0,0,0,0,2,1,1,1,1,1,0,0,0,0,0,0,1,0,0,1
280285523,274243408,0,12920629,0,2,1,8,2,2,0,1,0,0,0,0,0,0,0,0,0,2,1,1,1,1,1,0,0,0,0,0,0,1,0,0,1
280796025,274243408,0,12920629,0,2,1,8,2,2,0,1,0,0,0,0,0,0,0,0,0,2,1,1,1,1,1,0,0,0,0,0,0,1,0,0,1
281297797,274243408,0,12920629,0,2,1,8,2,2,0,1,0,0,0,0,0,0,0,0,0,2,1,1,1,1,1,0,0,0,0,0,0,1,0,0,1
281798292,274243408,0,12920629,0,2,1,8,2,2,0,1,0,0,0,0,0,0,0,0,0,2,1,1,1,1,1,0,0,0,0,0,0,1,0,0,1
282301200,274243408,0,12920629,0,2,1,8,2,2,0,1,0,0,0,0,0,0,0,0,0,2,1,1,1,1,1,0,0,0,0,0,0,1,0,0,1
282802230,274243408,0,12920629,0,2,1,8,2,2,0,1,0,0,0,0,0,0,0,0,0,2,1,1,1,1,1,0,0,0,0,0,0,1,0,0,1
283303291,274243408,0,12920629,0,2,1,8,2,2,0,1,0,0,0,0,0,0,0,0,0,2,1,1,1,1,1,0,0,0,0,0,0,1,0,0,1
283804269,274243408,0,12920629,0,2,1,8,2,2,0,1,0,0,0,0,0,0,0,0,0,2,1,1,1,1,1,0,0,0,0,0,0,1,0,0,1
284305909,274243408,0,12920629,0,2,1,8,2,2,0,1,0,0,0,0,0,0,0,0,0,2,1,1,1,1,1,0,0,0,0,0,0,1,0,0,1
284806436,274243408,0,12920629,0,2,1,8,2,2,0,1,0,0,0,0,0,0,0,0,0,2,1,1,1,1,1,0,0,0,0,0,0,1,0,0,1
285307891,274243408,0,12920629,0,2,1,8,2,2,0,1,0,0,0,0,0,0,0,0,0,2,1,1,1,1,1,0,0,0,0,0,0,1,0,0,1
285811071,274243408,0,12920629,0,2,1,8,2,2,0,1,0,0,0,0,0,0,0,0,0,2,1,1,1,1,1,0,0,0,0,0,0,1,0,0,1
286312850,274243408,0,12920629,0,2,1,8,2,2,0,1,0,0,0,0,0,0,0,0,0,2,1,1,1,1,1,0,0,0,0,0,0,1,0,0,1
286814124,274243408,0,12920629,0,2,1,8,2,2,0,1,0,0,0,0,0,0,0,0,0,2,1,1,1,1,1,0,0,0,0,0,0,1,0,0,1
287317678,274243408,0,12920629,0,2,1,8,2,2,0,1,0,0,0,0,0,0,0,0,0,2,1,1,1,1,1,0,0,0,0,0,0,1,0,0,1
287820399,274243408,0,12920629,0,2,1,8,2,2,0,1,0,0,0,0,0,0,0,0,0,2,1,1,1,1,1,0,0,0,0,0,0,1,0,0,1
288323630,274243408,0,12920629,0,2,1,8,2,2,0,1,0,0,0,0,0,0,0,0,0,2,1,1,1,1,1,0,0,0,0,0,0,1,0,0,1
288825714,274243408,288805184,12920629,0,2,1,8,2,2,0,1,0,0,0,0,0,0,0,0,0,2,1,1,1,1,1,0,0,0,0,0,0,1,0,0,1
289328078,274243408,288805184,12920629,0,2,1,8,2,2,0,1,0,0,0,0,0,0,0,0,0,2,1,1,1,1,1,0,0,0,0,0,0,1,0,0,1
289830158,274243408,288805184,12920629,0,2,1,8,2,2,0,1,0,0,0,0,0,0,0,0,0,2,1,1,1,1,1,0,0,0,0,0,0,1,0,0,1
290335791,274243408,288805184,12920629,0,2,1,8,2,2,0,1,0,0,0,0,0,0,0,0,0,2,1,1,1,1,1,0,0,0,0,0,0,1,0,0,1
290845710,274243408,288805184,12920629,0,2,1,8,2,2,0,1,0,0,0,0,0,0,0,0,0,2,1,1,1,1,1,0,0,0,0,0,0,1,0,0,1
291347111,274243408,288805184,12920629,0,2,1,8,2,2,0,1,0,0,0,0,0,0,0,0,0,2,1,1,1,1,1,0,0,0,0,0,0,1,0,0,1
291847987,274243408,288805184,12920629,0,2,1,8,2,2,0,1,0,0,0,0,0,0,0,0,0,2,1,1,1,1,1,0,0,0,0,0,0,1,0,0,1
292348947,274243408,288805184,12920629,0,2,1,8,2,2,0,1,0,0,0,0,0,0,0,0,0,2,1,1,1,1,1,0,0,0,0,0,0,1,0,0,1
292858891,274243408,288805184,12920629,0,2,1,8,2,2,0,1,0,0,0,0,0,0,0,0,0,2,1,1,1,1,1,0,0,0,0,0,0,1,0,0,1
293363494,274243408,288805184,12920629,0,2,1,8,2,2,0,1,0,0,0,0,0,0,0,0,0,2,1,1,1,1,1,0,0,0,0,0,0,1,0,0,1
293866288,274243408,288805184,12920629,0,2,1,8,2,2,0,1,0,0,0,0,0,0,0,0,0,2,1,1,1,1,1,0,0,0,0,0,0,1,0,0,1
294368124,274243408,288805184,12920629,0,2,1,8,2,2,0,1,0,0,0,0,0,0,0,0,0,2,1,1,1,1,1,0,0,0,0,0,0,1,0,0,1
294868918,274243408,288805184,12920629,0,2,1,8,2,2,0,1,0,0,0,0,0,0,0,0,0,2,1,1,1,1,1,0,0,0,0,0,0,1,0,0,1
295375565,274243408,288805184,12920629,0,2,1,8,2,2,0,1,0,0,0,0,0,0,0,0,0,2,1,1,1,1,1,0,0,0,0,0,0,1,0,0,1
295877459,274243408,288805184,12920629,0,2,1,8,2,2,0,1,0,0,0,0,0,0,0,0,0,2,1,1,1,1,1,0,0,0,0,0,0,1,0,0,1
296379298,274243408,288805184,12920629,0,2,1,8,2,2,0,1,0,0,0,0,0,0,0,0,0,2,1,1,1,1,1,0,0,0,0,0,0,1,0,0,1
296880770,274243408,288805184,12920629,0,2,1,8,2,2,0,1,0,0,0,0,0,0,0,0,0,2,1,1,1,1,1,0,0,0,0,0,0,1,0,0,1
297381015,274243408,288805184,12920629,0,2,1,8,2,2,0,1,0,0,0,0,0,0,0,0,0,2,1,1,1,1,1,0,0,0,0,0,0,1,0,0,1
297891067,274243408,288805184,12920629,0,2,1,8,2,2,0,1,0,0,0,0,0,0,0,0,0,2,1,1,1,1,1,0,0,0,0,0,0,1,0,0,1
298391793,274243408,288805184,12920629,0,2,1,8,2,2,0,1,0,0,0,0,0,0,0,0,0,2,1,1,1,1,1,0,0,0,0,0,0,1,0,0,1
298901169,274243408,288805184,12920629,0,2,1,8,2,2,0,1,0,0,0,0,0,0,0,0,0,2,1,1,1,1,1,0,0,0,0,0,0,1,0,0,1
299402091,274243408,288805184,12920629,0,2,1,8,2,2,0,1,0,0,0,0,0,0,0,0,0,2,1,1,1,1,1,0,0,0,0,0,0,1,0,0,1
299904586,274243408,288805184,12920629,0,2,1,8,2,2,0,1,0,0,0,0,0,0,0,0,0,2,1,1,1,1,1,0,0,0,0,0,0,1,0,0,1
300407567,274243408,288805184,12920629,0,2,1,8,2,2,0,1,0,0,0,0,0,0,0,0,0,2,1,1,1,1,1,0,0,0,0,0,0,1,0,0,1
300909816,274243408,288805184,12920629,0,2,1,8,2,2,0,1,0,0,0,0,0,0,0,0,0,2,1,1,1,1,1,0,0,0,0,0,0,1,0,0,1
301410034,274243408,288805184,12920629,0,2,1,8,2,2,0,1,0,0,0,0,0,0,0,0,0,2,1,1,1,1,1,0,0,0,0,0,0,1,0,0,1
301914556,274243408,288805184,12920629,0,2,1,8,2,2,0,1,0,0,0,0,0,0,0,0,0,2,1,1,1,1,1,0,0,0,0,0,0,1,0,0,1
302417156,274243408,288805184,12920629,0,2,1,8,2,2,0,1,0,0,0,0,0,0,0,0,0,2,1,1,1,1,1,0,0,0,0,0,0,1,0,0,1
302867856,274243408,288805184,12920629,0,2,1,8,2,2,0,1,0,0,0,0,0,0,0,0,0,2,1,1,1,1,1,0,0,0,0,0,0,1,0,0,1
303371025,274243408,288805184,12920629,0,2,1,8,2,2,0,1,0,0,0,0,0,0,0,0,0,2,1,1,1,1,1,0,0,0,0,0,0,1,0,0,1
303873604,274243408,288805184,12920629,0,2,1,8,2,2,0,1,0,0,0,0,0,0,0,0,0,2,1,1,1,1,1,0,0,0,0,0,0,1,0,0,1
304381520,274243408,288805184,12920629,0,2,1,8,2,2,0,1,0,0,0,0,0,0,0,0,0,2,1,1,1,1,1,0,0,0,0,0,0,1,0,0,1
304882450,274243408,288805184,12920629,0,2,1,8,2,2,0,1,0,0,0,0,0,0,0,0,0,2,1,1,1,1,1,0,0,0,0,0,0,1,0,0,1
305355695,274243408,288805184,305355363,0,2,1,8,14,14,0,1,0,0,0,0,0,0,0,0,0,2,1,1,1,1,1,0,0,0,0,0,0,1,0,0,1
305860208,274243408,288805184,305355363,0,2,1,8,14,14,0,1,0,0,0,0,0,0,0,0,0,2,1,1,1,1,1,0,0,0,0,0,0,1,0,0,1
306362634,274243408,288805184,305355363,0,2,1,8,14,14,0,1,0,0,0,0,0,0,0,0,0,2,1,1,1,1,1,0,0,0,0,0,0,1,0,0,1
306863818,274243408,288805184,305355363,0,2,1,8,14,14,0,1,0,0,0,0,0,0,0,0,0,2,1,1,1,1,1,0,0,0,0,0,0,1,0,0,1
307367581,274243408,288805184,305355363,0,2,1,8,14,14,0,1,0,0,0,0,0,0,0,0,0,2,1,1,1,1,1,0,0,0,0,0,0,1,0,0,1
307872527,274243408,288805184,305355363,0,2,1,8,14,14,0,1,0,0,0,0,0,0,0,0,0,2,1,1,1,1,1,0,0,0,0,0,0,1,0,0,1
308377484,274243408,288805184,305355363,0,2,1,8,14,14,0,1,0,0,0,0,0,0,0,0,0,2,1,1,1,1,1,0,0,0,0,0,0,1,0,0,1
308877946,274243408,288805184,305355363,0,2,1,8,14,14,0,1,0,0,0,0,0,0,0,0,0,2,1,1,1,1,1,0,0,0,0,0,0,1,0,0,1
309381151,274243408,288805184,305355363,0,2,1,8,14,14,0,1,0,0,0,0,0,0,0,0,0,2,1,1,1,1,1,0,0,0,0,0,0,1,0,0,1
309884775,274243408,288805184,305355363,0,2,1,8,14,14,0,1,0,0,0,0,0,0,0,0,0,2,1,1,1,1,1,0,0,0,0,0,0,1,0,0,1
310388274,274243408,288805184,305355363,0,2,1,8,14,14,0,1,0,0,0,0,0,0,0,0,0,2,1,1,1,1,1,0,0,0,0,0,0,1,0,0,1
310889476,274243408,288805184,305355363,0,2,1,8,14,14,0,1,0,0,0,0,0,0,0,0,0,2,1,1,1,1,1,0,0,0,0,0,0,1,0,0,1
311392326,274243408,288805184,305355363,0,2,1,8,14,14,0,1,0,0,0,0,0,0,0,0,0,2,1,1,1,1,1,0,0,0,0,0,0,1,0,0,1
311895666,274243408,288805184,305355363,0,2,1,8,14,14,0,1,0,0,0,0,0,0,0,0,0,2,1,1,1,1,1,0,0,0,0,0,0,1,0,0,1
312402543,274243408,288805184,305355363,0,2,1,8,14,14,0,1,0,0,0,0,0,0,0,0,0,2,1,1,1,1,1,0,0,0,0,0,0,1,0,0,1
312904163,274243408,288805184,305355363,0,2,1,8,14,14,0,1,0,0,0,0,0,0,0,0,0,2,1,1,1,1,1,0,0,0,0,0,0,1,0,0,1
313406720,274243408,288805184,305355363,0,2,1,8,14,14,0,1,0,0,0,0,0,0,0,0,0,2,1,1,1,1,1,0,0,0,0,0,0,1,0,0,1
313913410,274243408,288805184,305355363,0,2,1,8,14,14,0,1,0,0,0,0,0,0,0,0,0,2,1,1,1,1,1,0,0,0,0,0,0,1,0,0,1
314417487,274243408,288805184,305355363,0,2,1,8,14,14,0,1,0,0,0,0,0,0,0,0,0,2,1,1,1,1,1,0,0,0,0,0,0,1,0,0,1
314919525,274243408,288805184,305355363,0,2,1,8,14,14,0,1,0,0,0,0,0,0,0,0,0,2,1,1,1,1,1,0,0,0,0,0,0,1,0,0,1
315422673,274243408,288805184,305355363,0,2,1,8,14,14,0,1,0,0,0,0,0,0,0,0,0,2,1,1,1,1,1,0,0,0,0,0,0,1,0,0,1
315925487,274243408,288805184,305355363,0,2,1,8,14,14,0,1,0,0,0,0,0,0,0,0,0,2,1,1,1,1,1,0,0,0,0,0,0,1,0,0,1
316429194,274243408,288805184,305355363,0,2,1,8,14,14,0,1,0,0,0,0,0,0,0,0,0,2,1,1,1,1,1,0,0,0,0,0,0,1,0,0,1
316930944,274243408,288805184,305355363,0,2,1,8,14,14,0,1,0,0,0,0,0,0,0,0,0,2,1,1,1,1,1,0,0,0,0,0,0,1,0,0,1
317431775,274243408,288805184,305355363,0,2,1,8,14,14,0,1,0,0,0,0,0,0,0,0,0,2,1,1,1,1,1,0,0,0,0,0,0,1,0,0,1
317936771,274243408,288805184,305355363,0,2,1,8,14,14,0,1,0,0,0,0,0,0,0,0,0,2,1,1,1,1,1,0,0,0,0,0,0,1,0,0,1
318441063,274243408,288805184,305355363,0,2,1,8,14,14,0,1,0,0,0,0,0,0,0,0,0,2,1,1,1,1,1,0,0,0,0,0,0,1,0,0,1
318945670,274243408,288805184,305355363,0,2,1,8,14,14,0,1,0,0,0,0,0,0,0,0,0,2,1,1,1,1,1,0,0,0,0,0,0,1,0,0,1
319449689,274243408,288805184,305355363,0,2,1,8,14,14,0,1,0,0,0,0,0,0,0,0,0,2,1,1,1,1,1,0,0,0,0,0,0,1,0,0,1
319953428,274243408,288805184,305355363,0,2,1,8,14,14,0,1,0,0,0,0,0,0,0,0,0,2,1,1,1,1,1,0,0,0,0,0,0,1,0,0,1
320458324,274243408,288805184,305355363,0,2,1,8,14,14,0,1,0,0,0,0,0,0,0,0,0,2,1,1,1,1,1,0,0,0,0,0,0,1,0,0,1
320959597,274243408,288805184,305355363,0,2,1,8,14,14,0,1,0,0,0,0,0,0,0,0,0,2,1,1,1,1,1,0,0,0,0,0,0,1,0,0,1
321463473,274243408,288805184,305355363,0,2,1,8,14,14,0,1,0,0,0,0,0,0,0,0,0,2,1,1,1,1,1,0,0,0,0,0,0,1,0,0,1
321969640,274243408,288805184,305355363,0,2,1,8,14,14,0,1,0,0,0,0,0,0,0,0,0,2,1,1,1,1,1,0,0,0,0,0,0,1,0,0,1
322472729,274243408,288805184,305355363,0,2,1,8,14,14,0,1,0,0,0,0,0,0,0,0,0,2,1,1,1,1,1,0,0,0,0,0,0,1,0,0,1
322975423,274243408,288805184,305355363,0,2,1,8,14,14,0,1,0,0,0,0,0,0,0,0,0,2,1,1,1,1,1,0,0,0,0,0,0,1,0,0,1
323477373,274243408,288805184,305355363,0,2,1,8,14,14,0,1,0,0,0,0,0,0,0,0,0,2,1,1,1,1,1,0,0,0,0,0,0,1,0,0,1
323984936,274243408,288805184,305355363,0,2,1,8,14,14,0,1,0,0,0,0,0,0,0,0,0,2,1,1,1,1,1,0,0,0,0,0,0,1,0,0,1
324490842,274243408,288805184,305355363,0,2,1,8,14,14,0,1,0,0,0,0,0,0,0,0,0,2,1,1,1,1,1,0,0,0,0,0,0,1,0,0,1
324992532,274243408,288805184,305355363,0,2,1,8,14,14,0,1,0,0,0,0,0,0,0,0,0,2,1,1,1,1,1,0,0,0,0,0,0,1,0,0,1
325497889,274243408,288805184,305355363,0,2,1,8,14,14,0,1,0,0,0,0,0,0,0,0,0,2,1,1,1,1,1,0,0,0,0,0,0,1,0,0,1
326001502,274243408,288805184,305355363,0,2,1,8,14,14,0,1,0,0,0,0,0,0,0,0,0,2,1,1,1,1,1,0,0,0,0,0,0,1,0,0,1
326505609,274243408,288805184,305355363,0,2,1,8,14,14,0,1,0,0,0,0,0,0,0,0,0,2,1,1,1,1,1,0,0,0,0,0,0,1,0,0,1
327010804,274243408,288805184,305355363,0,2,1,8,14,14,0,1,0,0,0,0,0,0,0,0,0,2,1,1,1,1,1,0,0,0,0,0,0,1,0,0,1
327514180,274243408,288805184,305355363,0,2,1,8,14,14,0,1,0,0,0,0,0,0,0,0,0,2,1,1,1,1,1,0,0,0,0,0,0,1,0,0,1
328019023,274243408,288805184,305355363,0,2,1,8,14,14,0,1,0,0,0,0,0,0,0,0,0,2,1,1,1,1,1,0,0,0,0,0,0,1,0,0,1
328523147,274243408,288805184,305355363,0,2,1,8,14,14,0,1,0,0,0,0,0,0,0,0,0,2,1,1,1,1,1,0,0,0,0,0,0,1,0,0,1
329024838,274243408,288805184,305355363,0,2,1,8,14,14,0,1,0,0,0,0,0,0,0,0,0,2,1,1,1,1,1,0,0,0,0,0,0,1,0,0,1
329531670,274243408,288805184,305355363,0,2,1,8,14,14,0,1,0,0,0,0,0,0,0,0,0,2,1,1,1,1,1,0,0,0,0,0,0,1,0,0,1
330040458,274243408,288805184,305355363,0,2,1,8,14,14,0,1,0,0,0,0,0,0,0,0,0,2,1,1,1,1,1,0,0,0,0,0,0,1,0,0,1
330542422,274243408,288805184,305355363,0,2,1,8,14,14,0,1,0,0,0,0,0,0,0,0,0,2,1,1,1,1,1,0,0,0,0,0,0,1,0,0,1
331044509,274243408,288805184,305355363,0,2,1,8,14,14,0,1,0,0,0,0,0,0,0,0,0,2,1,1,1,1,1,0,0,0,0,0,0,1,0,0,1
331549924,274243408,288805184,305355363,0,2,1,8,14,14,0,1,0,0,0,0,0,0,0,0,0,2,1,1,1,1,1,0,0,0,0,0,0,1,0,0,1
332055273,274243408,288805184,305355363,0,2,1,8,14,14,0,1,0,0,0,0,0,0,0,0,0,2,1,1,1,1,1,0,0,0,0,0,0,1,0,0,1
332557290,274243408,288805184,305355363,0,2,1,8,14,14,0,1,0,0,0,0,0,0,0,0,0,2,1,1,1,1,1,0,0,0,0,0,0,1,0,0,1
333058239,274243408,288805184,305355363,0,2,1,8,14,14,0,1,0,0,0,0,0,0,0,0,0,2,1,1,1,1,1,0,0,0,0,0,0,1,0,0,1
333562346,274243408,288805184,305355363,0,2,1,8,14,14,0,1,0,0,0,0,0,0,0,0,0,2,1,1,1,1,1,0,0,0,0,0,0,1,0,0,1
334062902,274243408,288805184,305355363,0,2,1,8,14,14,0,1,0,0,0,0,0,0,0,0,0,2,1,1,1,1,1,0,0,0,0,0,0,1,0,0,1
334567399,274243408,288805184,305355363,0,2,1,8,14,14,0,1,0,0,0,0,0,0,0,0,0,2,1,1,1,1,1,0,0,0,0,0,0,1,0,0,1
335069102,274243408,288805184,305355363,0,2,1,8,14,14,0,1,0,0,0,0,0,0,0,0,0,2,1,1,1,1,1,0,0,0,0,0,0,1,0,0,1
335571809,274243408,288805184,305355363,0,2,1,8,14,14,0,1,0,0,0,0,0,0,0,0,0,2,1,1,1,1,1,0,0,0,0,0,0,1,0,0,1
336074861,274243408,288805184,305355363,0,2,1,8,14,14,0,1,0,0,0,0,0,0,0,0,0,2,1,1,1,1,1,0,0,0,0,0,0,1,0,0,1
336578581,274243408,288805184,305355363,0,2,1,8,14,14,0,1,0,0,0,0,0,0,0,0,0,2,1,1,1,1,1,0,0,0,0,0,0,1,0,0,1
337082327,274243408,288805184,305355363,0,2,1,8,14,14,0,1,0,0,0,0,0,0,0,0,0,2,1,1,1,1,1,0,0,0,0,0,0,1,0,0,1
337584128,274243408,288805184,305355363,0,2,1,8,14,14,0,1,0,0,0,0,0,0,0,0,0,2,1,1,1,1,1,0,0,0,0,0,0,1,0,0,1
338087666,274243408,288805184,305355363,0,2,1,8,14,14,0,1,0,0,0,0,0,0,0,0,0,2,1,1,1,1,1,0,0,0,0,0,0,1,0,0,1
338589091,274243408,288805184,305355363,0,2,1,8,14,14,0,1,0,0,0,0,0,0,0,0,0,2,1,1,1,1,1,0,0,0,0,0,0,1,0,0,1
339092227,274243408,288805184,305355363,0,2,1,8,14,14,0,1,0,0,0,0,0,0,0,0,0,2,1,1,1,1,1,0,0,0,0,0,0,1,0,0,1
339599136,274243408,288805184,305355363,0,2,1,8,14,14,0,1,0,0,0,0,0,0,0,0,0,2,1,1,1,1,1,0,0,0,0,0,0,1,0,0,1
340102119,274243408,288805184,305355363,0,2,1,8,14,14,0,1,0,0,0,0,0,0,0,0,0,2,1,1,1,1,1,0,0,0,0,0,0,1,0,0,1
340606428,274243408,288805184,305355363,0,2,1,8,14,14,0,1,0,0,0,0,0,0,0,0,0,2,1,1,1,1,1,0,0,0,0,0,0,1,0,0,1
341108403,274243408,288805184,305355363,0,2,1,8,14,14,0,1,0,0,0,0,0,0,0,0,0,2,1,1,1,1,1,0,0,0,0,0,0,1,0,0,1
341611907,274243408,288805184,305355363,0,2,1,8,14,14,0,1,0,0,0,0,0,0,0,0,0,2,1,1,1,1,1,0,0,0,0,0,0,1,0,0,1
342116945,274243408,288805184,305355363,0,2,1,8,14,14,0,1,0,0,0,0,0,0,0,0,0,2,1,1,1,1,1,0,0,0,0,0,0,1,0,0,1
342619167,274243408,288805184,305355363,0,2,1,8,14,14,0,1,0,0,0,0,0,0,0,0,0,2,1,1,1,1,1,0,0,0,0,0,0,1,0,0,1
343120680,274243408,288805184,305355363,0,2,1,8,14,14,0,1,0,0,0,0,0,0,0,0,0,2,1,1,1,1,1,0,0,0,0,0,0,1,0,0,1
343625001,274243408,288805184,305355363,0,2,1,8,14,14,0,1,0,0,0,0,0,0,0,0,0,2,1,1,1,1,1,0,0,0,0,0,0,1,0,0,1
344129144,274243408,288805184,305355363,0,2,1,8,14,14,0,1,0,0,0,0,0,0,0,0,0,2,1,1,1,1,1,0,0,0,0,0,0,1,0,0,1
344629970,274243408,288805184,305355363,0,2,1,8,14,14,0,1,0,0,0,0,0,0,0,0,0,2,1,1,1,1,1,0,0,0,0,0,0,1,0,0,1
345140225,274243408,288805184,305355363,0,2,1,8,14,14,0,1,0,0,0,0,0,0,0,0,0,2,1,1,1,1,1,0,0,0,0,0,0,1,0,0,1
345644802,274243408,288805184,305355363,0,2,1,8,14,14,0,1,0,0,0,0,0,0,0,0,0,2,1,1,1,1,1,0,0,0,0,0,0,1,0,0,1
346150242,274243408,288805184,305355363,0,2,1,8,14,14,0,1,0,0,0,0,0,0,0,0,0,2,1,1,1,1,1,0,0,0,0,0,0,1,0,0,1
346652518,274243408,288805184,305355363,0,2,1,8,14,14,0,1,0,0,0,0,0,0,0,0,0,2,1,1,1,1,1,0,0,0,0,0,0,1,0,0,1
347154055,274243408,288805184,305355363,0,2,1,8,14,14,0,1,0,0,0,0,0,0,0,0,0,2,1,1,1,1,1,0,0,0,0,0,0,1,0,0,1
347659089,274243408,288805184,305355363,0,2,1,8,14,14,0,1,0,0,0,0,0,0,0,0,0,2,1,1,1,1,1,0,0,0,0,0,0,1,0,0,1
348163628,274243408,288805184,305355363,0,2,1,8,14,14,0,1,0,0,0,0,0,0,0,0,0,2,1,1,1,1,1,0,0,0,0,0,0,1,0,0,1
348665412,274243408,288805184,305355363,0,2,1,8,14,14,0,1,0,0,0,0,0,0,0,0,0,2,1,1,1,1,1,0,0,0,0,0,0,1,0,0,1
349168969,274243408,288805184,305355363,0,2,1,8,14,14,0,1,0,0,0,0,0,0,0,0,0,2,1,1,1,1,1,0,0,0,0,0,0,1,0,0,1
349672085,274243408,288805184,305355363,0,2,1,8,14,14,0,1,0,0,0,0,0,0,0,0,0,2,1,1,1,1,1,0,0,0,0,0,0,1,0,0,1
350176850,274243408,288805184,305355363,0,2,1,8,14,14,0,1,0,0,0,0,0,0,0,0,0,2,1,1,1,1,1,0,0,0,0,0,0,1,0,0,1
350678186,274243408,288805184,305355363,0,2,1,8,14,14,0,1,0,0,0,0,0,0,0,0,0,2,1,1,1,1,1,0,0,0,0,0,0,1,0,0,1
351179361,274243408,288805184,305355363,0,2,1,8,14,14,0,1,0,0,0,0,0,0,0,0,0,2,1,1,1,1,1,0,0,0,0,0,0,1,0,0,1
351685496,274243408,288805184,305355363,0,2,1,8,14,14,0,1,0,0,0,0,0,0,0,0,0,2,1,1,1,1,1,0,0,0,0,0,0,1,0,0,1
352186956,274243408,288805184,305355363,0,2,1,8,14,14,0,1,0,0,0,0,0,0,0,0,0,2,1,1,1,1,1,0,0,0,0,0,0,1,0,0,1
352687196,274243408,288805184,305355363,0,2,1,8,14,14,0,1,0,0,0,0,0,0,0,0,0,2,1,1,1,1,1,0,0,0,0,0,0,1,0,0,1
353190923,274243408,288805184,305355363,0,2,1,8,14,14,0,1,0,0,0,0,0,0,0,0,0,2,1,1,1,1,1,0,0,0,0,0,0,1,0,0,1
353693430,274243408,288805184,305355363,0,2,1,8,14,14,0,1,0,0,0,0,0,0,0,0,0,2,1,1,1,1,1,0,0,0,0,0,0,1,0,0,1
354195213,274243408,288805184,305355363,0,2,1,8,14,14,0,1,0,0,0,0,0,0,0,0,0,2,1,1,1,1,1,0,0,0,0,0,0,1,0,0,1
354696962,274243408,288805184,305355363,0,2,1,8,14,14,0,1,0,0,0,0,0,0,0,0,0,2,1,1,1,1,1,0,0,0,0,0,0,1,0,0,1
355198748,274243408,288805184,305355363,0,2,1,8,14,14,0,1,0,0,0,0,0,0,0,0,0,2,1,1,1,1,1,0,0,0,0,0,0,1,0,0,1
355702574,274243408,288805184,305355363,0,2,1,8,14,14,0,1,0,0,0,0,0,0,0,0,0,2,1,1,1,1,1,0,0,0,0,0,0,1,0,0,1
356205300,274243408,288805184,305355363,0,2,1,8,14,14,0,1,0,0,0,0,0,0,0,0,0,2,1,1,1,1,1,0,0,0,0,0,0,1,0,0,1
356708263,274243408,288805184,305355363,0,2,1,8,14,14,0,1,0,0,0,0,0,0,0,0,0,2,1,1,1,1,1,0,0,0,0,0,0,1,0,0,1
357211081,274243408,288805184,305355363,0,2,1,8,14,14,0,1,0,0,0,0,0,0,0,0,0,2,1,1,1,1,1,0,0,0,0,0,0,1,0,0,1
357715280,274243408,288805184,305355363,0,2,1,8,14,14,0,1,0,0,0,0,0,0,0,0,0,2,1,1,1,1,1,0,0,0,0,0,0,1,0,0,1
358222295,274243408,288805184,305355363,0,2,1,8,14,14,0,1,0,0,0,0,0,0,0,0,0,2,1,1,1,1,1,0,0,0,0,0,0,1,0,0,1
358723652,274243408,288805184,305355363,0,2,1,8,14,14,0,1,0,0,0,0,0,0,0,0,0,2,1,1,1,1,1,0,0,0,0,0,0,1,0,0,1
359225522,274243408,288805184,305355363,0,2,1,8,14,14,0,1,0,0,0,0,0,0,0,0,0,2,1,1,1,1,1,0,0,0,0,0,0,1,0,0,1
359727262,274243408,288805184,305355363,0,2,1,8,14,14,0,1,0,0,0,0,0,0,0,0,0,2,1,1,1,1,1,0,0,0,0,0,0,1,0,0,1
360231817,274243408,288805184,305355363,0,2,1,8,14,14,0,1,0,0,0,0,0,0,0,0,0,2,1,1,1,1,1,0,0,0,0,0,0,1,0,0,1
360734417,274243408,288805184,305355363,0,2,1,8,14,14,0,1,0,0,0,0,0,0,0,0,0,2,1,1,1,1,1,0,0,0,0,0,0,1,0,0,1
361244561,274243408,288805184,305355363,0,2,1,8,14,14,0,1,0,0,0,0,0,0,0,0,0,2,1,1,1,1,1,0,0,0,0,0,0,1,0,0,1
361658825,274243408,288805184,361658116,0,2,1,8,2,2,0,1,0,0,0,0,0,0,0,0,0,2,1,1,1,1,1,0,0,0,0,0,0,1,0,0,1
362162170,274243408,288805184,361658116,0,2,1,8,2,2,0,1,0,0,0,0,0,0,0,0,0,2,1,1,1,1,1,0,0,0,0,0,0,1,0,0,1
362663745,274243408,288805184,361658116,0,2,1,8,2,2,0,1,0,0,0,0,0,0,0,0,0,2,1,1,1,1,1,0,0,0,0,0,0,1,0,0,1
363165318,274243408,288805184,361658116,0,2,1,8,2,2,0,1,0,0,0,0,0,0,0,0,0,2,1,1,1,1,1,0,0,0,0,0,0,1,0,0,1
363667152,274243408,288805184,361658116,0,2,1,8,2,2,0,1,0,0,0,0,0,0,0,0,0,2,1,1,1,1,1,0,0,0,0,0,0,1,0,0,1
364170299,274243408,288805184,361658116,0,2,1,8,2,2,0,1,0,0,0,0,0,0,0,0,0,2,1,1,1,1,1,0,0,0,0,0,0,1,0,0,1
364672617,274243408,288805184,361658116,0,2,1,8,2,2,0,1,0,0,0,0,0,0,0,0,0,2,1,1,1,1,1,0,0,0,0,0,0,1,0,0,1
365174607,274243408,288805184,361658116,0,2,1,8,2,2,0,1,0,0,0,0,0,0,0,0,0,2,1,1,1,1,1,0,0,0,0,0,0,1,0,0,1
